sorgu,page_id,sayfa,alan_adi,baslangic,son_gorulme,aktif,varyasyon_sayisi,platformlar,metin_ilk_200
JP|オンライン診療,176364285553988,東海内科・内視鏡クリニック,tokai-naika.jp,2025-04-11,2026-10-01,True,1,FACEBOOK|INSTAGRAM|AUDIENCE_NETWORK|MESSENGER,食事制限無しで簡単に瘦せれる！  過度な食事制限も無理な運動もちょっと…という方！ 医療の力を活用したメディカルダイエットなら無理なく痩せることができます！ 月額7500円（税込）～
JP|オンライン診療,106868878406551,おち夢クリニック名古屋,art-ochi.com,2024-04-25,2025-10-28,True,1,INSTAGRAM,★将来を見据えた妊活 卵子凍結保存について★  『おち夢クリニック名古屋』では、昨今の晩婚化の流れを踏まえ、将来の妊娠に備えておきたいとお考えの独身の女性のため、年齢的にも若いうちに卵子を採取・保存しておく『卵子（未受精卵）の凍結保存』を行っております。  詳しくは、@ochiyumenagoya掲載のクリニックHPから「卵子凍結保存（社会的適応）」ページをご覧ください。  #おち夢クリニック名古
JP|オンライン診療,106868878406551,おち夢クリニック名古屋,instagram.com,2024-04-25,2025-10-28,True,1,INSTAGRAM,★LINE相談のお知らせ★ 『おち夢クリニック名古屋』は、公式LINEアカウントを持っています。 友だち登録をしていただくと、１対１のチャットで「治療を受ける前」に「無料」で不妊についてのご相談をしていただけます。  ・初診の理想的なタイミングが知りたい ・不妊治療を始めたいけど不安なことが…… ・おち夢では、この検査はやっているかな？ ・未婚での卵子凍結を考えているんだけど…  など、不妊に関す
JP|オンライン診療,696525343546567,銀座三越前クリニック,ginzamitsukoshimae.jp,2026-02-18,2026-10-01,True,,FACEBOOK|INSTAGRAM|AUDIENCE_NETWORK|MESSENGER|THREADS,【銀座三越前クリニック】つわりが辛い方へ つわりで食事が摂れない、日常生活が辛い方へ。 つわりの辛さやメンタル面の不安に寄り添います。経験豊富な医師がサポート お薬を処方する場合ご自宅に郵送しますので、診察からお薬お届けまで全てオンラインで完結 詳細はこちら
JP|オンライン診療,775277249003407,クリニックフォア 男性aga,clinicfor.life,2026-07-06,2026-10-01,True,4,FACEBOOK|INSTAGRAM|AUDIENCE_NETWORK|MESSENGER,"AGA対策 乗り換えるなら今！ クリニックフォアのオンラインAGA診療  ---- ■主な副作用 : ※主な副作用は、血圧低下や性機能の低下。詳細は当クリニックHPでご確認ください。  ■標準的な費用:税込3,412~27,280円/月(予防プラン定期配送~発毛最強**プラン単月) *別途配送料550円。処方されない場合は診察料1,650円がかかります。(すべて税込) **クリニックフォアのAGA"
JP|オンライン診療,985959924607878,オンライン診療ans.,bihadadiary.com,2026-07-28,2026-10-01,True,1,FACEBOOK|INSTAGRAM|MESSENGER|THREADS,お肌の悩みがあっても、わざわざ皮膚科に行かなくていいのがANS.(アンス)。顔出し不要のオンラインチャット診療。
JP|オンライン診療,102750429215131,Oops -Aga診療、ぜんぶオンラインで-,sub.healthlab-info.net,2026-08-04,2026-10-01,True,1,FACEBOOK|INSTAGRAM|MESSENGER|THREADS,
JP|オンライン診療,103170989758218,ルナルナ,play.google.com,2026-08-24,2026-10-01,True,2,FACEBOOK|INSTAGRAM|AUDIENCE_NETWORK|MESSENGER|THREADS,オンライン処方、どこがいいか迷ってない？🤔あのルナルナの「おくすり便」なら、登録から処方まで最短15分✨医師に直接相談できる安心感と、アプリ併用で飲み忘れもバッチリ防止⏰服薬管理は「いつものアプリ」で完結するから、とにかくラク！まずは詳細をチェック  ※本サービスは医療機関とユーザーを繋ぐプラットフォームです。実際の診療およびお薬の処方は、提携医療機関の専門医によって行われます。
JP|オンライン診療,736026216251526,Clinic for,clinicfor.life,2026-05-22,2026-10-01,True,2,FACEBOOK|INSTAGRAM|AUDIENCE_NETWORK|MESSENGER|THREADS,国内最安クラスを追求✨  クリニックだから安心。 医師の診療をオンラインで受けて最短翌日から自宅にお届けいたします。
JP|オンライン診療,222410050966201,Yobo医療ダイエットオンライン,dapa.com,2026-07-28,2026-10-01,True,1,FACEBOOK|INSTAGRAM|MESSENGER|THREADS,医療用カロリーカットした結果ヤバすぎる…
JP|オンライン診療,103170989758218,ルナルナ,itunes.apple.com,2026-08-19,2026-10-01,True,1,FACEBOOK|INSTAGRAM|AUDIENCE_NETWORK|MESSENGER|THREADS,オンライン処方、どこがいいか迷ってない？🤔あのルナルナの「おくすり便」なら、登録から処方まで最短15分✨医師に直接相談できる安心感と、アプリ併用で飲み忘れもバッチリ防止⏰服薬管理は「いつものアプリ」で完結するから、とにかくラク！まずは詳細をチェック  ※本サービスは医療機関とユーザーを繋ぐプラットフォームです。実際の診療およびお薬の処方は、提携医療機関の専門医によって行われます。
JP|オンライン診療,1347238542097348,Emol（エモル）,emol.jp/doctor,2026-06-17,2026-10-01,True,,FACEBOOK|INSTAGRAM|THREADS,"初めての心療内科も、チームが支えるから安心。——医師・公認心理師・メディカルサポーターが連携するオンライン診療、emolドクター。自宅から相談できます。  ※診療は提携医療機関（AMT東京芝クリニック）で行われます  ※効果には個人差があります ※情報通信機器等使用料は保険適用外 ※初診4,060円〜・24時間Web予約 ※詳しくはHPをご確認ください"
JP|オンライン診療,504864919385871,クリニックフォア 低用量ピル/ミニピル,www.clinicfor.life,2026-06-01,2026-10-01,True,4,FACEBOOK|INSTAGRAM|AUDIENCE_NETWORK|MESSENGER|THREADS,国内最安クラスを追求✨  クリニックだから安心。 医師の診療をオンラインで受けて最短翌日から自宅にお届けいたします。
JP|オンライン診療,239659792568146,dr.toyoda,instagram.com,2026-03-17,2026-10-01,True,1,INSTAGRAM,＼重曹クエン酸水は意味ない！？真実をお話します／  ※修正事項があったため再掲載  「バズっているだけで本質じゃない」という投稿を見かけましたが、 あの内容は“効かない根拠”ではなく、単なる体験談です。  私はこの組み合わせを学術的に検証し、論文として発表しています。 重要なのは、自己流ではなく 16：21 の“黄金比率” で反応させること。 ここで生まれるクエン酸ナトリウムは、 ● 身体を酸性に
JP|オンライン診療,512813145258289,Agaメンズクリニック,campaign2.lp.aga-mens.jp,2026-05-20,2026-10-01,True,1,INSTAGRAM,
JP|オンライン診療,985959924607878,オンライン診療ans.,bihadadiary.com,2026-08-11,2026-10-01,True,1,INSTAGRAM,お肌の悩みがあっても、わざわざ皮膚科に行かなくていいのがANS.(アンス)。顔出し不要のオンラインチャット診療。
JP|オンライン診療,349161878272406,Yoboメディカル1,yobo.meto,2026-07-16,2026-10-01,True,1,FACEBOOK|INSTAGRAM|MESSENGER|THREADS,✅昔のように痩せなくなった ✅最近体重が増え続けている  年齢を重ねると、ほとんどの人が痩せにくくなります。それは、代謝が落ちて血糖値の急上昇（血糖値スパイク）を止める力が弱まるから。  食事制限と運動という普通のダイエットをしても、なかなか痩せません。  これからは医療のチカラで無理しないダイエットを行いましょう。飲むだけで痩せやすい体に改善していく方法です。  最近流行している、副作用が怖くて
JP|オンライン診療,103051085541689,キレイパスコネクト,connect.kireipass.jp,2026-02-19,2026-10-01,True,1,FACEBOOK|INSTAGRAM|AUDIENCE_NETWORK|THREADS,{{product.brand}}
JP|オンライン診療,222410050966201,Yobo医療ダイエットオンライン,dapa.com,2026-07-28,2026-10-01,True,1,FACEBOOK|INSTAGRAM|MESSENGER|THREADS,医療用カロリーカットした結果ヤバすぎる…
JP|オンライン診療,239659792568146,dr.toyoda,instagram.com,2025-09-23,2026-10-01,True,1,INSTAGRAM,【乳児の湿疹、実は「アトピーの始まり」かもしれません】  ※前回の動画の続きです。  生後間もない赤ちゃんの湿疹。「乳児湿疹ですね」と言われたからといって、すべてが軽く見てよいものとは限りません。  生後すぐから重度の湿疹に悩んでいた赤ちゃんは、初診から1ヶ月後、私が開発協力した黄色ブドウ球菌に対するアウターケア製品をご使用いただいたところ、加速度的に改善。その後3ヶ月で保湿のみのケアで安定し、現
JP|オンライン診療,103170989758218,ルナルナ,play.google.com,2026-08-19,2026-10-01,True,2,FACEBOOK|INSTAGRAM|AUDIENCE_NETWORK|MESSENGER|THREADS,"低用量ピルが合わなかったあなたへ。ルナルナでミニピルを医師に相談してみませんか？？安心の国内承認薬のみ処方で、医師の診察の結果、処方に至らなければ費用はかかりません🙅‍♀️1シート3,797円〜（送料・税込）で、服薬管理もいつものアプリで完結してとにかくラク。まずはアプリをインストール✨  ※本サービスは医療機関とユーザーを繋ぐプラットフォームです。実際の診療およびお薬の処方は、提携医療機関の専門"
JP|オンライン診療,224809194049127,毎日ライフナビ,tec-match.tokyo,2026-05-25,2026-10-01,True,,FACEBOOK|INSTAGRAM|MESSENGER|THREADS,
JP|オンライン診療,504864919385871,クリニックフォア 低用量ピル/ミニピル,www.clinicfor.life,2026-06-01,2026-10-01,True,4,FACEBOOK|INSTAGRAM|AUDIENCE_NETWORK|MESSENGER|THREADS,国内最安クラスを追求✨  クリニックだから安心。 医師の診療をオンラインで受けて最短翌日から自宅にお届けいたします。
JP|オンライン診療,1023756037493075,Agaレバクリ,levcli.jp,2026-07-01,2026-10-01,True,1,FACEBOOK|INSTAGRAM|MESSENGER|THREADS,「最近、薄くなった？」と言われたら【レバクリ】  ✅髪の毛を増やしたい、太くしたい ✅生え際の後退を止めたい、改善したい ✅頭頂部の薄毛を目立たなくしたい  少しでも悩んだら、ぜひレバクリにご相談ください。
JP|オンライン診療,239659792568146,dr.toyoda,instagram.com,2025-09-04,2026-10-01,True,1,INSTAGRAM,【塗り薬の「使い方」と「時間」、覚えていますか？】  アトピー治療では、ただ塗るだけでなく「塗る順番」や「塗ってからの待ち時間」がとても大切です。  🌿スキンケアの基本ステップ ① 補水（化粧水など） ② 保湿（セラミド含有製品など） ③ ノンステロイド外用薬（コレクチム・モイゼルト・ウィタマ等） ➡️ここで10分待つ 有効成分が皮膚に浸透するまで、最低でも10分。 できれば20〜30分置けると理
JP|オンライン診療,222410050966201,Yobo医療ダイエットオンライン,dapa.com,2026-07-28,2026-10-01,True,1,FACEBOOK|INSTAGRAM|MESSENGER|THREADS,医療用カロリーカットした結果ヤバすぎる…
JP|オンライン診療,1249949088193429,医療法人社団ウェルパートナー,lp2.internet-clinic.jp,2026-09-22,2026-10-01,True,1,FACEBOOK|INSTAGRAM|THREADS,"最近、硬さや持続力が気になりませんか？  スマクリEDで勃起力・早漏を改善💪 ✅ オンライン完結 ✅ 誰にもバレない ✅ 送料・診察料コミコミ価格  試しやすい！続けやすい！ 月額3,980円(税込)のED治療💊 👇詳細はこちらから👇"
JP|オンライン診療,696525343546567,銀座三越前クリニック,ginzamitsukoshimae.jp,2026-02-18,2026-09-30,True,,FACEBOOK|INSTAGRAM|AUDIENCE_NETWORK|MESSENGER|THREADS,【銀座三越前クリニック】つわりが辛い方へ つわりで食事が摂れない、日常生活が辛い方へ。 つわりの辛さやメンタル面の不安に寄り添います。経験豊富な医師がサポート お薬を処方する場合ご自宅に郵送しますので、診察からお薬お届けまで全てオンラインで完結 詳細はこちら
JP|オンライン診療,901107273086529,グレースメディカルホールディングス株式会社,gmh.jp,2026-07-30,2026-10-01,True,1,FACEBOOK|INSTAGRAM|AUDIENCE_NETWORK|MESSENGER|WHATSAPP|THREADS,訪問歯科スタートアップセミナー開催！
JP|オンライン診療,1347238542097348,Emol（エモル）,emol.jp/doctor,2026-06-17,2026-10-01,True,,FACEBOOK|INSTAGRAM|THREADS,"はじめての受診は、不安でいっぱい。emolドクターは、医師・公認心理師・メディカルサポーターのチームがあなたを支えるオンライン心療内科。 自宅から、あなたのペースで相談を。  ※診療は提携医療機関（AMT東京芝クリニック）で行われます  ※効果には個人差があります ※情報通信機器等使用料は保険適用外 ※初診4,060円〜・24時間Web予約 ※詳しくはHPをご確認ください"
JP|介護 アプリ,473870885798702,めぐりあい,play.google.com,2025-09-24,2026-10-01,True,1,FACEBOOK|INSTAGRAM|AUDIENCE_NETWORK|MESSENGER,60代以上の男性から注目アプリ
JP|介護 アプリ,103389178461564,Ucare,app.adjust.com,2026-02-02,2026-10-01,True,2,FACEBOOK|INSTAGRAM|AUDIENCE_NETWORK|MESSENGER|THREADS,介護・介護補助のスポット・単発バイトアプリ 有資格者から福祉系学生まで。最短即日入金で、スキマ時間に働ける！
JP|介護 アプリ,963696470154018,カイテク｜介護単発バイトアプリ ,play.google.com,2026-09-10,2026-10-01,True,1,FACEBOOK|INSTAGRAM|THREADS,副業で月5万円稼げるアプリ、介護職なら全員使うべき！
JP|介護 アプリ,963696470154018,カイテク｜介護単発バイトアプリ ,play.google.com,2026-09-15,2026-10-01,True,1,INSTAGRAM,副業で月5万円稼げるアプリ、介護職なら全員使うべき！
JP|介護 アプリ,2302520186660190,カイテク｜介護・看護単発バイトアプリ,play.google.com,2026-08-28,2026-10-01,True,2,FACEBOOK|INSTAGRAM,介護の仕事は好きだけどもっといい職場ないかな・・・そんなあなたへ！ 単発バイトアプリ【カイテク】なら ・お試しで働きながら、次の転職先を見つけたい ・空いた時間を使って、収入UPしたい ・他サービス(特養/デイ/訪問入浴等)を経験したい ・好きな時に好きな場所で働きたい 全て叶います！  【面接/履歴書なし・最短当日給与GET・登録無料】 好条件求人多数掲載中！まずはアプリをインストール！
JP|介護 アプリ,103389178461564,Ucare,app.adjust.com,2026-05-25,2026-10-01,True,1,FACEBOOK|INSTAGRAM|AUDIENCE_NETWORK|MESSENGER|THREADS,介護・介護補助のスポット・単発バイトアプリ 有資格者から福祉系学生まで。最短即日入金で、スキマ時間に働ける！
JP|介護 アプリ,963696470154018,カイテク｜介護単発バイトアプリ ,play.google.com,2026-09-20,2026-10-01,True,11,FACEBOOK|INSTAGRAM|THREADS,副業で月5万円稼げるアプリ、介護職なら全員使うべき！
JP|介護 アプリ,963696470154018,カイテク｜介護単発バイトアプリ ,apps.apple.com,2026-09-27,2026-10-01,True,,FACEBOOK|INSTAGRAM|THREADS,副業で月5万円稼げるアプリ、介護職なら全員使うべき！
JP|介護 アプリ,2302520186660190,カイテク｜介護・看護単発バイトアプリ,play.google.com,2026-08-28,2026-10-01,True,2,FACEBOOK|INSTAGRAM,介護の仕事は好きだけどもっといい職場ないかな・・・そんなあなたへ！ 単発バイトアプリ【カイテク】なら ・お試しで働きながら、次の転職先を見つけたい ・空いた時間を使って、収入UPしたい ・他サービス(特養/デイ/訪問入浴等)を経験したい ・好きな時に好きな場所で働きたい 全て叶います！  【面接/履歴書なし・最短当日給与GET・登録無料】 好条件求人多数掲載中！まずはアプリをインストール！
JP|介護 アプリ,963696470154018,カイテク｜介護単発バイトアプリ ,play.google.com,2026-09-20,2026-10-01,True,4,FACEBOOK|INSTAGRAM|THREADS,副業で月5万円稼げるアプリ、介護職なら全員使うべき！
JP|介護 アプリ,2302520186660190,カイテク｜介護・看護単発バイトアプリ,play.google.com,2026-08-28,2026-10-01,True,1,FACEBOOK|INSTAGRAM,介護の仕事は好きだけどもっといい職場ないかな・・・そんなあなたへ！ 単発バイトアプリ【カイテク】なら ・お試しで働きながら、次の転職先を見つけたい ・空いた時間を使って、収入UPしたい ・他サービス(特養/デイ/訪問入浴等)を経験したい ・好きな時に好きな場所で働きたい 全て叶います！  【面接/履歴書なし・最短当日給与GET・登録無料】 好条件求人多数掲載中！まずはアプリをインストール！
JP|介護 アプリ,103389178461564,Ucare,app.adjust.com,2026-06-02,2026-10-01,True,2,FACEBOOK|INSTAGRAM|AUDIENCE_NETWORK|MESSENGER|THREADS,介護・介護補助のスポット・単発バイトアプリ 有資格者から福祉系学生まで。最短即日入金で、スキマ時間に働ける！
JP|介護 アプリ,963696470154018,カイテク｜介護単発バイトアプリ ,play.google.com,2026-09-10,2026-10-01,True,3,FACEBOOK|INSTAGRAM|THREADS,副業で月5万円稼げるアプリ、介護職なら全員使うべき！
JP|介護 アプリ,963696470154018,カイテク｜介護単発バイトアプリ ,itunes.apple.com,2026-09-23,2026-10-01,True,2,FACEBOOK|INSTAGRAM|THREADS,副業で月5万円稼げるアプリ、看護師全員使うべき！
JP|介護 アプリ,963696470154018,カイテク｜介護単発バイトアプリ ,itunes.apple.com,2026-09-10,2026-09-29,True,,FACEBOOK|INSTAGRAM|THREADS,副業で月5万円稼げるアプリ、看護師全員使うべき！
JP|介護 アプリ,695755403628576,電子ホワイトボードex,fb.me,2026-08-30,2026-10-01,True,1,FACEBOOK|INSTAGRAM,デジタルボード実質0円✨ ※年商2600万円以上の法人様限定  ✨会議が生まれ変わる✨ どんな会議でもこれ一台で対応可能！  🔹自由に書き込み・共有できる 電子ホワイトボード機能搭載 🔹PC画面をワイヤレスでワンタッチ投影 🔹複数アプリや資料を同時に表示 🔹WEB会議もクリアに聞き取れる高性能マイク  全ての会議機能が一台に集約されたオールインワンアイテムで会議・研修・リモートの打ち合わせ・商談も
JP|介護 アプリ,963696470154018,カイテク｜介護単発バイトアプリ ,itunes.apple.com,2026-09-10,2026-10-01,True,1,FACEBOOK|INSTAGRAM|THREADS,副業で月5万円稼げるアプリ、介護職なら全員使うべき！
JP|介護 アプリ,2302520186660190,カイテク｜介護・看護単発バイトアプリ,apps.apple.com,2026-08-28,2026-10-01,True,1,FACEBOOK|INSTAGRAM|THREADS,介護の仕事は好きだけどもっといい職場ないかな・・・そんなあなたへ！ 単発バイトアプリ【カイテク】なら ・お試しで働きながら、次の転職先を見つけたい ・空いた時間を使って、収入UPしたい ・他サービス(特養/デイ/訪問入浴等)を経験したい ・好きな時に好きな場所で働きたい 全て叶います！  【面接/履歴書なし・最短当日給与GET・登録無料】 好条件求人多数掲載中！まずはアプリをインストール！
JP|介護 アプリ,963696470154018,カイテク｜介護単発バイトアプリ ,play.google.com,2026-09-23,2026-10-01,True,1,FACEBOOK|INSTAGRAM|THREADS,副業で月5万円稼げるアプリ、介護職なら全員使うべき！
JP|介護 アプリ,963696470154018,カイテク｜介護単発バイトアプリ ,play.google.com,2026-09-23,2026-10-01,True,1,FACEBOOK|INSTAGRAM|THREADS,副業で月5万円稼げるアプリ、介護職なら全員使うべき！
JP|介護 アプリ,963696470154018,カイテク｜介護単発バイトアプリ ,itunes.apple.com,2026-09-28,2026-10-01,True,2,FACEBOOK|INSTAGRAM|THREADS,副業で月5万円稼げるアプリ、介護職なら全員使うべき！
JP|介護 アプリ,963696470154018,カイテク｜介護単発バイトアプリ ,itunes.apple.com,2026-09-28,2026-10-01,True,2,FACEBOOK|INSTAGRAM|THREADS,副業で月5万円稼げるアプリ、介護職なら全員使うべき！
JP|介護 アプリ,963696470154018,カイテク｜介護単発バイトアプリ ,play.google.com,2026-09-27,2026-10-01,True,11,FACEBOOK|INSTAGRAM|THREADS,副業で月5万円稼げるアプリ、介護職なら全員使うべき！
JP|介護 アプリ,963696470154018,カイテク｜介護単発バイトアプリ ,apps.apple.com,2026-09-10,2026-10-01,True,,FACEBOOK|INSTAGRAM|THREADS,副業で月5万円稼げるアプリ、介護職なら全員使うべき！
JP|介護 アプリ,963696470154018,カイテク｜介護単発バイトアプリ ,apps.apple.com,2026-09-27,2026-10-01,True,,FACEBOOK|INSTAGRAM|THREADS,副業で月5万円稼げるアプリ、介護職なら全員使うべき！
JP|介護 アプリ,963696470154018,カイテク｜介護単発バイトアプリ ,apps.apple.com,2026-09-27,2026-10-01,True,,FACEBOOK|INSTAGRAM|THREADS,副業で月5万円稼げるアプリ、介護職なら全員使うべき！
JP|介護 アプリ,963696470154018,カイテク｜介護単発バイトアプリ ,itunes.apple.com,2026-09-10,2026-10-01,True,1,FACEBOOK|INSTAGRAM|THREADS,副業で月5万円稼げるアプリ、看護師なら全員使うべき！
JP|介護 アプリ,2302520186660190,カイテク｜介護・看護単発バイトアプリ,apps.apple.com,2026-09-11,2026-10-01,True,2,FACEBOOK|INSTAGRAM|THREADS,介護の仕事は好きだけどもっといい職場ないかな・・・そんなあなたへ！ 単発バイトアプリ【カイテク】なら ・お試しで働きながら、次の転職先を見つけたい ・空いた時間を使って、収入UPしたい ・他サービス(特養/デイ/訪問入浴等)を経験したい ・好きな時に好きな場所で働きたい 全て叶います！  【面接/履歴書なし・最短当日給与GET・登録無料】 好条件求人多数掲載中！まずはアプリをインストール！
JP|介護 アプリ,963696470154018,カイテク｜介護単発バイトアプリ ,itunes.apple.com,2026-09-28,2026-10-01,True,2,FACEBOOK|INSTAGRAM|THREADS,副業で月5万円稼げるアプリ、介護職なら全員使うべき！
JP|介護 アプリ,963696470154018,カイテク｜介護単発バイトアプリ ,itunes.apple.com,2026-09-28,2026-10-01,True,4,FACEBOOK|INSTAGRAM|THREADS,副業で月5万円稼げるアプリ、介護職なら全員使うべき！
JP|健康 アプリ,101522425486868,Upmind Inc.,play.google.com,2023-08-27,2026-10-01,True,4,FACEBOOK|INSTAGRAM,自律神経の『乱れ』を整えるアプリ🌿  ①自律神経の状態をスマホカメラで30秒で解析 ②瞑想やヨガなど豊富なマインドフルネスのプログラム ③ぐっすり眠れる睡眠プログラム  東京大学（滝沢龍研究室）と共同研究、科学的なアプローチで健康習慣を提案いたします。マインドフルネスで心に余白をもつ習慣をはじめてみませんか😌？
JP|健康 アプリ,101522425486868,Upmind Inc.,play.google.com,2023-08-27,2026-10-01,True,,FACEBOOK|INSTAGRAM,自律神経の『乱れ』を整えるアプリ🌿  ①自律神経の状態をスマホカメラで30秒で解析 ②瞑想やヨガなど豊富なマインドフルネスのプログラム ③ぐっすり眠れる睡眠プログラム  東京大学（滝沢龍研究室）と共同研究、科学的なアプローチで健康習慣を提案いたします。マインドフルネスで心に余白をもつ習慣をはじめてみませんか😌？
JP|健康 アプリ,101522425486868,Upmind Inc.,play.google.com,2024-07-11,2026-10-01,True,1,FACEBOOK|INSTAGRAM,自律神経の乱れを見える化して整えるアプリ 2023年グッドデザイン賞も受賞🌿  ①自律神経の状態をスマホカメラで30秒で解析 ②瞑想やヨガなど豊富なマインドフルネスのプログラム ③ぐっすり眠れる睡眠プログラム  東京大学（滝沢龍研究室）と共同研究、科学的なアプローチで健康習慣を提案いたします。マインドフルネスで心に余白をもつ習慣をはじめてみませんか😌？
JP|健康 アプリ,301148099955644,ペットの専門店コジマ,pets-kojima.com,2024-11-16,2026-10-01,True,1,INSTAGRAM,{{product.brand}}
JP|健康 アプリ,730109217017653,harue0104,www.otsuka-plus1.com,2026-04-23,2026-10-01,True,1,FACEBOOK|INSTAGRAM,30代、母になってより一層 「健康第一」で過ごしたい毎日🌷  食生活でもなんとなく健康は意識してるものの、ちゃんと自分に必要な栄養が摂れてるのか曖昧な部分も多くて🤔  栄養モニタリングサービス 「Vivoo (ビブー)」 始めてみました📱💫  Vivooは自宅や外出先などのトイレで専用のストリップに尿をかけて、スマホのカメラで読み取るとテスト結果や登録データもとに、水分レベルや不足している栄養素を
JP|健康 アプリ,101522425486868,Upmind Inc.,play.google.com,2026-02-20,2026-10-01,True,1,FACEBOOK|INSTAGRAM,自律神経の乱れを見える化して整えるアプリ 2023年グッドデザイン賞も受賞🌿  ①自律神経の状態をスマホカメラで30秒で解析 ②瞑想やヨガなど豊富なマインドフルネスのプログラム ③ぐっすり眠れる睡眠プログラム  東京大学（滝沢龍研究室）と共同研究、科学的なアプローチで健康習慣を提案いたします。マインドフルネスで心に余白をもつ習慣をはじめてみませんか😌？
JP|健康 アプリ,101522425486868,Upmind Inc.,play.google.com,2025-11-14,2026-10-01,True,1,FACEBOOK|INSTAGRAM,自律神経の乱れを見える化して整えるアプリ 2023年グッドデザイン賞も受賞🌿  ①自律神経の状態をスマホカメラで30秒で解析 ②瞑想やヨガなど豊富なマインドフルネスのプログラム ③ぐっすり眠れる睡眠プログラム  東京大学（滝沢龍研究室）と共同研究、科学的なアプローチで健康習慣を提案いたします。マインドフルネスで心に余白をもつ習慣をはじめてみませんか😌？
JP|健康 アプリ,817936271401771,Wolnさいたま市,www.city.saitama.lg.jp,2026-06-14,2026-10-01,True,1,FACEBOOK|INSTAGRAM|AUDIENCE_NETWORK|MESSENGER|WHATSAPP|THREADS,楽しみながら、健康になれる。楽しむことで、地域が活気づく。NEC 健康ポイントサービスアプリ WoLN
JP|健康 アプリ,101522425486868,Upmind Inc.,play.google.com,2025-11-15,2026-10-01,True,1,FACEBOOK|INSTAGRAM,自律神経の乱れを見える化して整えるアプリ 2023年グッドデザイン賞も受賞🌿  ①自律神経の状態をスマホカメラで30秒で解析 ②瞑想やヨガなど豊富なマインドフルネスのプログラム ③ぐっすり眠れる睡眠プログラム  東京大学（滝沢龍研究室）と共同研究、科学的なアプローチで健康習慣を提案いたします。マインドフルネスで心に余白をもつ習慣をはじめてみませんか😌？
JP|健康 アプリ,391045300759610,Studio sauce,www.instagram.com,2026-08-31,2026-10-01,True,1,INSTAGRAM,◯＃２「自分を消す手順」  なぜ異常な通知が届き始めたのか…！？  続きは明日配信  𝟶𝟶𝟶𝟶𝟶𝟶𝟶𝟶𝟶𝟶𝟶𝟶𝟶𝟶𝟶𝟶𝟶𝟶𝟶𝟶𝟶𝟶𝟶𝟶𝟶𝟶 『#0番ホームの掲示板』 𝘚𝘦𝘳𝘪𝘦𝘴𝟣「自分を消す手順」  ⚫︎キャスト #桐谷健太（湯神恭史郎役）@kenta_kiritani_ #おばたのお兄さん（大河原隆役）@bataninmari  ⚫︎脚本 遠藤大輔  ⚫︎演出 大﨑翔  ⚫︎原作 角谷進之介「
JP|健康 アプリ,201908860196292,株式会社キャリアインデックス,helloworkcenter.onelink.me,2026-04-19,2026-10-01,True,1,FACEBOOK|INSTAGRAM|AUDIENCE_NETWORK|MESSENGER|THREADS,ハローワークの仕事検索ならハローワーク求人センター
JP|健康 アプリ,101522425486868,Upmind Inc.,play.google.com,2023-08-27,2026-09-30,True,1,FACEBOOK|INSTAGRAM,自律神経の『乱れ』を整えるアプリ🌿  ①自律神経の状態をスマホカメラで30秒で解析 ②瞑想やヨガなど豊富なマインドフルネスのプログラム ③ぐっすり眠れる睡眠プログラム  東京大学（滝沢龍研究室）と共同研究、科学的なアプローチで健康習慣を提案いたします。マインドフルネスで心に余白をもつ習慣をはじめてみませんか😌？
JP|健康 アプリ,152364211296621,パシャっとカルテ,itunes.apple.com,2026-07-30,2026-10-01,True,1,FACEBOOK|INSTAGRAM|AUDIENCE_NETWORK|MESSENGER|THREADS,【アプリ１つで健康管理】  パシャっとカルテは、毎年の健康診断結果や病院でもらった検査結果、処方箋などのお薬情報を記録できる健康管理アプリです。  \パシャっとカルテのお勧めポイント/ ・健康診断結果や検査結果、処方箋などのお薬情報を写真を撮るだけでアプリに記録できる ・パシャっとカルテアプリを医師に見せることで、服薬情報や健康状態を正しく簡単に伝えられる ・病院でもらった医療費も、写真を撮るだけ
JP|健康 アプリ,152364211296621,パシャっとカルテ,play.google.com,2026-08-31,2026-10-01,True,2,FACEBOOK|INSTAGRAM|MESSENGER|THREADS,【アプリ１つで健康管理】  パシャっとカルテは、毎年の健康診断結果や病院でもらった検査結果、処方箋などのお薬情報を記録できる健康管理アプリです。  \パシャっとカルテのお勧めポイント/ ・健康診断結果や検査結果、処方箋などのお薬情報を写真を撮るだけでアプリに記録できる ・パシャっとカルテアプリを医師に見せることで、服薬情報や健康状態を正しく簡単に伝えられる ・病院でもらった医療費も、写真を撮るだけ
JP|健康 アプリ,152364211296621,パシャっとカルテ,itunes.apple.com,2026-08-31,2026-10-01,True,,FACEBOOK|INSTAGRAM|AUDIENCE_NETWORK|MESSENGER|THREADS,【アプリ１つで健康管理】  パシャっとカルテは、毎年の健康診断結果や病院でもらった検査結果、処方箋などのお薬情報を記録できる健康管理アプリです。  \パシャっとカルテのお勧めポイント/ ・健康診断結果や検査結果、処方箋などのお薬情報を写真を撮るだけでアプリに記録できる ・パシャっとカルテアプリを医師に見せることで、服薬情報や健康状態を正しく簡単に伝えられる ・病院でもらった医療費も、写真を撮るだけ
JP|健康 アプリ,101522425486868,Upmind Inc.,itunes.apple.com,2026-02-19,2026-10-01,True,1,FACEBOOK|INSTAGRAM,自律神経の乱れを見える化して整えるアプリ 2023年グッドデザイン賞も受賞🌿  ①自律神経の状態をスマホカメラで30秒で解析 ②瞑想やヨガなど豊富なマインドフルネスのプログラム ③ぐっすり眠れる睡眠プログラム  東京大学（滝沢龍研究室）と共同研究、科学的なアプローチで健康習慣を提案いたします。マインドフルネスで心に余白をもつ習慣をはじめてみませんか😌？
JP|健康 アプリ,101522425486868,Upmind Inc.,play.google.com,2024-07-11,2026-09-30,True,1,FACEBOOK|INSTAGRAM,自律神経の乱れを見える化して整えるアプリ 2023年グッドデザイン賞も受賞🌿  ①自律神経の状態をスマホカメラで30秒で解析 ②瞑想やヨガなど豊富なマインドフルネスのプログラム ③ぐっすり眠れる睡眠プログラム  東京大学（滝沢龍研究室）と共同研究、科学的なアプローチで健康習慣を提案いたします。マインドフルネスで心に余白をもつ習慣をはじめてみませんか😌？
JP|健康 アプリ,615665571625297,スマートリング b.ring,world-wide-watch.jp,2025-10-15,2026-10-01,True,1,FACEBOOK|INSTAGRAM|AUDIENCE_NETWORK|MESSENGER|THREADS,"b.ring(ブリング)は健康データを取得・分析可能な健康管理用スマートリング。 重さわずか3g～と非常に軽く、健康状態をリアルタイムで計測可能。 また、価格もお求めやすい価格設定にしており 税込8,800円～のラインナップです。  計測キットお買い求めで計測キット分のポイント500ポイントを還元中です！ この機会に是非ご利用ください。"
JP|健康 アプリ,101522425486868,Upmind Inc.,itunes.apple.com,2026-09-19,2026-10-01,True,1,FACEBOOK|INSTAGRAM,自律神経の乱れを見える化して整えるアプリ 2023年グッドデザイン賞も受賞🌿  ①自律神経の状態をスマホカメラで30秒で解析 ②瞑想やヨガなど豊富なマインドフルネスのプログラム ③ぐっすり眠れる睡眠プログラム  東京大学（滝沢龍研究室）と共同研究、科学的なアプローチで健康習慣を提案いたします。マインドフルネスで心に余白をもつ習慣をはじめてみませんか😌？
JP|健康 アプリ,558032940922868,Karen Maruyama page,runtrip.jp,2026-08-19,2026-10-01,True,1,FACEBOOK|INSTAGRAM|AUDIENCE_NETWORK|MESSENGER|THREADS,. . #PR . . 【Runtrip PREMIUM Plus powered by Vitality スマート 🏃🤝 】  走るを習慣にしているアナタにとってもオススメ👀💘 その名も『Runtrip PREMIUM Plus 』‼️  Runtrip PREMIUM と Vitality スマートがひとつになった とってもお得なプラン👏👏  Runtrip PREMIUM は月額 490円（
JP|健康 アプリ,1121042467769457,PetMira,itunes.apple.com,2026-08-28,2026-10-01,True,1,FACEBOOK|INSTAGRAM|AUDIENCE_NETWORK|THREADS,実際にあった話です。深夜2時、飼い主さんを起こしたワンちゃん。アプリが翻訳した言葉は——  「怖い夢を見た。ママのそばで寝たい」  ペットはいつも何か伝えようとしています。でも言葉が違うから、伝わらない。  このアプリがあれば、そのギャップを埋められます。鳴き声を録音して翻訳するだけ。感情を可視化するAIが、あなたとペットの距離をもっと近くに。
JP|健康 アプリ,101522425486868,Upmind Inc.,itunes.apple.com,2026-09-19,2026-10-01,True,1,FACEBOOK|INSTAGRAM,自律神経の乱れを見える化して整えるアプリ 2023年グッドデザイン賞も受賞🌿  ①自律神経の状態をスマホカメラで30秒で解析 ②瞑想やヨガなど豊富なマインドフルネスのプログラム ③ぐっすり眠れる睡眠プログラム  東京大学（滝沢龍研究室）と共同研究、科学的なアプローチで健康習慣を提案いたします。マインドフルネスで心に余白をもつ習慣をはじめてみませんか😌？
JP|健康 アプリ,101522425486868,Upmind Inc.,play.google.com,2023-08-27,2026-09-30,True,4,FACEBOOK|INSTAGRAM,自律神経の『乱れ』を整えるアプリ🌿  ①自律神経の状態をスマホカメラで30秒で解析 ②瞑想やヨガなど豊富なマインドフルネスのプログラム ③ぐっすり眠れる睡眠プログラム  東京大学（滝沢龍研究室）と共同研究、科学的なアプローチで健康習慣を提案いたします。マインドフルネスで心に余白をもつ習慣をはじめてみませんか😌？
JP|健康 アプリ,152364211296621,パシャっとカルテ,play.google.com,2026-09-14,2026-10-01,True,2,FACEBOOK|INSTAGRAM|MESSENGER|THREADS,「前の健康診断の結果が思い出せない…」 「前出してもらった処方箋が思い出せない…」 「健康診断の診断書がどこにあるかわからない…」 「過去の薬や通院歴がお医者さんに説明ができない...」 こんなお悩みありませんか？  パシャっとカルテであれば病院でもらった書類をアプリでまとめて管理できるのでカンタンに管理 ができてすぐに見返せます！  老若男女問わず幅広いユーザー様にご利用いただいております！  
JP|健康 アプリ,101522425486868,Upmind Inc.,itunes.apple.com,2026-09-19,2026-10-01,True,1,FACEBOOK|INSTAGRAM,自律神経の乱れを見える化して整えるアプリ 2023年グッドデザイン賞も受賞🌿  ①自律神経の状態をスマホカメラで30秒で解析 ②瞑想やヨガなど豊富なマインドフルネスのプログラム ③ぐっすり眠れる睡眠プログラム  東京大学（滝沢龍研究室）と共同研究、科学的なアプローチで健康習慣を提案いたします。マインドフルネスで心に余白をもつ習慣をはじめてみませんか😌？
JP|健康 アプリ,434174436675167,Apple,fb.com,2026-09-26,2026-10-01,True,,INSTAGRAM,先進的なヘルスセンサーで、体に目を向けよう。見えないところまで。
JP|健康 アプリ,111156962075266,Heathertrack-3,play.google.com,2026-09-24,2026-10-01,True,1,FACEBOOK|INSTAGRAM|AUDIENCE_NETWORK|THREADS,
JP|健康 アプリ,1005480316170758,パーフェクトワン（PERFECT ONE）,play.google.com,2026-08-03,2026-10-01,True,1,FACEBOOK|INSTAGRAM,【初回DLでお得なクーポンプレゼント🎁】 シワやくすみなどお肌のお悩みはありませんか？ 大人気ブランド『PERFECTONE』のアプリでお肌をサポート✨ パーフェクトワンでちょっぴり贅沢なスキンケアを。
JP|健康 アプリ,621981867667496,Flashbook,flashbook.app,2026-08-14,2026-10-01,True,2,FACEBOOK|INSTAGRAM|AUDIENCE_NETWORK|MESSENGER|THREADS,本を丸ごと読む気がしない？ ❌  Flashbookは受賞歴のある自己啓発本を要約するので、たった20分で大切なことがすべてわかります…本を丸ごと読むのに必要な時間のほんの一部で！ ⌛  7日間無料でお試しください！ 🚀
JP|健康 アプリ,101522425486868,Upmind Inc.,play.google.com,2025-11-14,2026-09-30,True,1,FACEBOOK|INSTAGRAM,自律神経の乱れを見える化して整えるアプリ 2023年グッドデザイン賞も受賞🌿  ①自律神経の状態をスマホカメラで30秒で解析 ②瞑想やヨガなど豊富なマインドフルネスのプログラム ③ぐっすり眠れる睡眠プログラム  東京大学（滝沢龍研究室）と共同研究、科学的なアプローチで健康習慣を提案いたします。マインドフルネスで心に余白をもつ習慣をはじめてみませんか😌？
KR|병원 앱,1621578194809405,모두닥,play.google.com,2026-07-03,2026-10-01,True,1,FACEBOOK|INSTAGRAM|AUDIENCE_NETWORK|MESSENGER|THREADS,🌞 여름맞이 시력교정술 최저가!
KR|병원 앱,1497160797238875,강남언니,play.google.com,2026-06-25,2026-10-01,True,2,FACEBOOK|INSTAGRAM|AUDIENCE_NETWORK|MESSENGER,✿ 다들 능소화보러 갈 때 여름맞이 시술 할인중.. 🤍 🫧팔뚝살 👉🏻 팔뚝 지방주사 2만원~ *10cc 🫧볼살·이중턱 👉🏻온다 리프팅 3.3만원~ *10kj  🫧속건조·푸석피부 👉🏻LDM 1.1만원~ *첫방문 🫧피지·블랙헤드 👉🏻아쿠아필 1만원~ *1회·첫방문  🫧각진 턱라인 👉🏻 턱보톡스 1만원~ *50유닛·국산  강남언니에서 원하는 시술 검색 > 후기 
KR|병원 앱,1497160797238875,강남언니,apps.apple.com,2026-09-18,2026-10-01,True,,FACEBOOK|INSTAGRAM|THREADS,✿ 다들 능소화보러 갈 때 여름맞이 시술 할인중.. 🤍 🫧팔뚝살 👉🏻 팔뚝 지방주사 2만원~ *10cc 🫧볼살·이중턱 👉🏻온다 리프팅 3.3만원~ *10kj  🫧속건조·푸석피부 👉🏻LDM 1.1만원~ *첫방문 🫧피지·블랙헤드 👉🏻아쿠아필 1만원~ *1회·첫방문  🫧각진 턱라인 👉🏻 턱보톡스 1만원~ *50유닛·국산  강남언니에서 원하는 시술 검색 > 후기 
KR|병원 앱,1497160797238875,강남언니,apps.apple.com,2026-09-18,2026-10-01,True,2,FACEBOOK|INSTAGRAM|THREADS,대학교 개강 전! 관리 시술 4종  🤍 🫧이중턱·볼살👉🏻온다 리프팅 3.9만원~ *10kj·첫방문  🫧팔뚝살 👉🏻 팔뚝 지방주사 2.9만원~ *10cc 🫧피지·블랙헤드 👉🏻아쿠아필 1만원~ *1회·첫방문  🫧겨드랑이 관리 👉🏻 겨드랑이 제모 4천원~ *1회·첫방문  강남언니에서 원하는 시술 검색 > 후기 많은 순 클릭! 아쉬운점 후기 비교하고 잘하는 병원 
KR|병원 앱,1621578194809405,모두닥,itunes.apple.com,2026-09-19,2026-10-01,True,1,FACEBOOK|INSTAGRAM|AUDIENCE_NETWORK|THREADS,"렌즈 낄 때마다 진짜 다 때려치우고 싶었어요 🥲  손 씻고 뺐다 꼈다, 하루종일 끼고 있으면 눈 뻑뻑해서 인공눈물 달고 살고... 진짜 지긋지긋해서 라식 알아봤는데 병원마다 가격이 천차만별이더라고요.  근데 모두닥이라는 앱 알고 나서 최저가로 예약했어요! 안 알아봤으면 최대 170만원까지 손해볼뻔..  같은 병원 같은 원장님한테 그대로 받으면서 가격만 싸게"
KR|병원 앱,1497160797238875,강남언니,play.google.com,2026-07-13,2026-10-01,True,2,FACEBOOK|INSTAGRAM|AUDIENCE_NETWORK|MESSENGER|THREADS,"이 가격대 시술, 우리집 근처에도 있다고? 🫢 ✨팔뚝지방분해주사 2만원~ *10cc ✨온다 리프팅 33,000원~ *10kj ✨아쿠아필 6,490원~ *1회·첫방문 ✨턱보톡스 10,890원~ *50유닛·첫방문 ㄴ가격낮은순으로 정렬하면 내 주변 더 저렴한 곳도 떠요  근데 이런 시술일수록 '어디서' 받느냐가 더 중요하죠. 11년차 의사가 알려준 병원 고르는 "
KR|병원 앱,1497160797238875,강남언니,play.google.com,2026-09-21,2026-10-01,True,4,FACEBOOK|INSTAGRAM|AUDIENCE_NETWORK|THREADS,"[남성 주목] 아침 면도&턱 트러블&면도기 관리 귀찮다면? 🪒 레이저 수염제모 2.2만원~  *젠틀맥스 프로 플러스 기준 가격  🧔🏻 턱·뺨·목 등 부위별 맞춤 시술 🧔🏻 숱 많은 수염, 민감 피부도 OK!   🔍 강남언니앱 후기로 집근처 병원 찾고 🔍 시술 사진·평점으로 효과 미리보기!   매일 면도 하는 귀찮음,  레이저 제모로 한 번에 정리하세요💙  "
KR|병원 앱,1497160797238875,강남언니,apps.apple.com,2026-09-20,2026-10-01,True,4,FACEBOOK|INSTAGRAM|THREADS,아침에 면도 안하는게 그렇게 편하다는데..🧔🏻‍♂️  트러블없이 깔끔 + 맨들맨들한 턱 원한다면?  🔍 강남언니앱에서 집근처 제모 잘하는 병원 찾기  🔍 젠틀맥스 프로 등 원하는 기기 별 가격 확인 🔍 영수증 후기·아쉬운 점으로 병원 별 꼼꼼 비교까지!   *26.7.14 강남언니 앱 가격 기준
KR|병원 앱,1497160797238875,강남언니,play.google.com,2026-09-11,2026-10-01,True,,FACEBOOK|INSTAGRAM|AUDIENCE_NETWORK|THREADS,아침에 면도 안하는게 그렇게 편하다는데..🧔🏻‍♂️  트러블없이 깔끔 + 맨들맨들한 턱 원한다면?  🔍 강남언니앱에서 집근처 제모 잘하는 병원 찾기  🔍 젠틀맥스 프로 등 원하는 기기 별 가격 확인 🔍 영수증 후기·아쉬운 점으로 병원 별 꼼꼼 비교까지!   *26.7.14 강남언니 앱 가격 기준
KR|병원 앱,1497160797238875,강남언니,play.google.com,2026-09-10,2026-10-01,True,1,FACEBOOK|INSTAGRAM|AUDIENCE_NETWORK|THREADS,"[남자 주목] 아침 면도&트러블&귀찮은 면도기 관리 끝!  🪒 레이저 수염제모 5회 13만원 / 회당 2.6만원~  *젠틀맥스 프로 플러스 기준 가격  🧔🏻 턱·뺨·목 등 부위별 맞춤 시술 🧔🏻 숱 많은 수염, 민감 피부도 OK!   🔍 강남언니앱 후기로 집근처 병원 찾고 🔍 시술 사진·평점으로 효과 미리보기!   매일 면도 하는 귀찮음,  레이저 제모로 "
KR|병원 앱,1621578194809405,모두닥,itunes.apple.com,2026-08-11,2026-10-01,True,1,FACEBOOK|INSTAGRAM|AUDIENCE_NETWORK|MESSENGER|THREADS,🌞 비절개 모발이식 최저가!
KR|병원 앱,1497160797238875,강남언니,apps.apple.com,2026-09-20,2026-10-01,True,3,FACEBOOK|INSTAGRAM|THREADS,"[남자 주목] 아침 면도&트러블&귀찮은 면도기 관리 끝!  🪒 레이저 수염제모 5회 13만원 / 회당 2.6만원~  *젠틀맥스 프로 플러스 기준 가격  🧔🏻 턱·뺨·목 등 부위별 맞춤 시술 🧔🏻 숱 많은 수염, 민감 피부도 OK!   🔍 강남언니앱 후기로 집근처 병원 찾고 🔍 시술 사진·평점으로 효과 미리보기!   매일 면도 하는 귀찮음,  레이저 제모로 "
KR|병원 앱,1497160797238875,강남언니,play.google.com,2026-09-10,2026-10-01,True,,FACEBOOK|INSTAGRAM|AUDIENCE_NETWORK|THREADS,"[남자 주목] 아침 면도&트러블&귀찮은 면도기 관리 끝!  🪒 레이저 수염제모 5회 13만원 / 회당 2.6만원~  *젠틀맥스 프로 플러스 기준 가격  🧔🏻 턱·뺨·목 등 부위별 맞춤 시술 🧔🏻 숱 많은 수염, 민감 피부도 OK!   🔍 강남언니앱 후기로 집근처 병원 찾고 🔍 시술 사진·평점으로 효과 미리보기!   매일 면도 하는 귀찮음,  레이저 제모로 "
KR|병원 앱,1497160797238875,강남언니,play.google.com,2026-08-26,2026-10-01,True,4,FACEBOOK|INSTAGRAM|MESSENGER|THREADS,아침에 면도 안하는게 그렇게 편하다는데..🧔🏻‍♂️  트러블없이 깔끔 + 맨들맨들한 턱 원한다면?  🔍 강남언니앱에서 집근처 제모 잘하는 병원 찾기  🔍 젠틀맥스 프로 등 원하는 기기 별 가격 확인 🔍 영수증 후기·아쉬운 점으로 병원 별 꼼꼼 비교까지!   *26.7.14 강남언니 앱 가격 기준
KR|병원 앱,101692091459448,시그널플래너,play.google.com,2026-09-01,2026-10-01,True,1,INSTAGRAM|THREADS,"보험금 야무지게 돌려받아서 마라탕 먹는 법✌️  매달 꽤나 비싸게 내는 보험료,, 보험 혜택이라도 잘 받으면 괜찮을 텐데 사실 보험 혜택이 뭔지도 잘 모르겠고.. 언제 어떻게 청구하는 건지도 아예 모르겠다면🥹  🤟시그널플래너 앱 설치해 보세요 (진짜 쉬워요…!)  [1] 카드 연동만 하면 약국, 병원 내역만 쫙 골라줘요 [2] 보험금 청구 가능한지 바로 알"
KR|병원 앱,1497160797238875,강남언니,apps.apple.com,2026-09-18,2026-10-01,True,1,FACEBOOK|INSTAGRAM|THREADS,"팔뚝 바깥쪽 군살 고민 👉 팔뚝지방분해주사✨ 👉 [팔뚝지방분해주사] 강남언니 앱에서 22,000원~ 🔍 강남언니앱 '가격낮은순'으로 용량별 저렴한 병원부터 보기 🔍 영수증 후기·아쉬운 점으로 병원 별 꼼꼼 비교까지!   *26.06.04 강남언니 앱 가격 기준"
KR|병원 앱,1497160797238875,강남언니,play.google.com,2026-09-10,2026-10-01,True,3,FACEBOOK|INSTAGRAM|AUDIENCE_NETWORK|THREADS,관리할 시간 없이 바쁜 3040 여성들! 강남언니에서 ~49% 이벤트가로 패키지 시술 받고 동안관리하세요🧡  강남언니에 [지역필터] 설정하고 [원하는 시술] 검색! [후기많은순] 클릭해서 아쉬운점 후기 확인하고 잘하는 병원 찾아보세요!✨
KR|병원 앱,1497160797238875,강남언니,apps.apple.com,2026-09-18,2026-10-01,True,1,FACEBOOK|INSTAGRAM|THREADS,성큼 찾아온 가을 🍁 우리 집 주변에 저렴한 피부과 찾고 있다면 👉 우리 동네 #레이저제모 실력파 병원 모음.ZIP🧡
KR|병원 앱,1497160797238875,강남언니,play.google.com,2026-08-20,2026-10-01,True,5,FACEBOOK|INSTAGRAM|AUDIENCE_NETWORK|MESSENGER|THREADS,중요한 휴가·약속 전! 관리 시술 4종  🤍 🫧이중턱·처진살 👉🏻온다 리프팅 3.9만원~ *10kj·첫방문  🫧팔뚝살 👉🏻 팔뚝 지방주사 2.9만원~ *10cc 🫧피지·블랙헤드 👉🏻아쿠아필 1만원~ *1회·첫방문  🫧겨드랑이 관리 👉🏻 겨드랑이 제모 4천원~ *1회·첫방문  강남언니에서 원하는 시술 검색 > 후기 많은 순 클릭! 아쉬운점 후기 비교하고 잘하
KR|병원 앱,1497160797238875,강남언니,apps.apple.com,2026-09-20,2026-10-01,True,3,FACEBOOK|INSTAGRAM|THREADS,패이고 울긋불긋한 여드름 흉터 고민? 흉터 치료에 많이 받는 [프락셀] 강남언니 앱에서 저렴하게 받아보세요!✨
KR|병원 앱,1497160797238875,강남언니,apps.apple.com,2026-09-21,2026-10-01,True,4,FACEBOOK|INSTAGRAM|THREADS,아침에 면도 안하는게 그렇게 편하다는데..🧔🏻‍♂️  트러블없이 깔끔 + 맨들맨들한 턱 원한다면?  🔍 강남언니앱에서 집근처 제모 잘하는 병원 찾기  🔍 젠틀맥스 프로 등 원하는 기기 별 가격 확인 🔍 영수증 후기·아쉬운 점으로 병원 별 꼼꼼 비교까지!   *26.7.14 강남언니 앱 가격 기준
KR|병원 앱,1497160797238875,강남언니,apps.apple.com,2026-09-18,2026-10-01,True,3,FACEBOOK|INSTAGRAM|THREADS,관리할 시간 없이 바쁜 3040 여성들! 강남언니에서 ~49% 이벤트가로 패키지 시술 받고 동안관리하세요🧡  강남언니에 [지역필터] 설정하고 [원하는 시술] 검색! [후기많은순] 클릭해서 아쉬운점 후기 확인하고 잘하는 병원 찾아보세요!✨
KR|병원 앱,1497160797238875,강남언니,apps.apple.com,2026-09-18,2026-10-01,True,2,FACEBOOK|INSTAGRAM|THREADS,"[3040] 오돌토돌 티나는 편평사마귀 없애려면? 🫧 편평사마귀 1개 제거 2,200원~ 🫧 편평사마귀 99개 제거 150,000원~  🔍 강남언니앱 '지역'설정하면 집근처 병원 쭉 나오고  🔍 영수증 후기로 흉터 없이 깔끔하게 지워졌는지 확인까지!   우리 동네 편평사마귀 잘 없애는 병원,  강남언니 앱에서 지역 선택해서 찾아보세요🧡    *26.08.1"
KR|병원 앱,1497160797238875,강남언니,play.google.com,2026-08-13,2026-10-01,True,,FACEBOOK|INSTAGRAM|AUDIENCE_NETWORK|MESSENGER,"[3040] 오돌토돌 티나는 편평사마귀 없애려면? 🫧 편평사마귀 1개 제거 2,200원~ 🫧 편평사마귀 99개 제거 150,000원~  🔍 강남언니앱 '지역'설정하면 집근처 병원 쭉 나오고  🔍 영수증 후기로 흉터 없이 깔끔하게 지워졌는지 확인까지!   우리 동네 편평사마귀 잘 없애는 병원,  강남언니 앱에서 지역 선택해서 찾아보세요🧡    *26.08.1"
KR|병원 앱,1497160797238875,강남언니,apps.apple.com,2026-09-18,2026-10-01,True,1,FACEBOOK|INSTAGRAM|THREADS,"코피지·블랙헤드 고민 👉 아쿠아필✨ 👉 [아쿠아필] 지금 강남언니 앱에서 33,000원~   🔍 강남언니앱에서 집근처 아쿠아필 잘하는 병원 찾기 🔍 영수증 후기·아쉬운 점으로 병원 별 꼼꼼 비교까지!   *26.05.28 강남언니 앱 가격 기준"
KR|병원 앱,1621578194809405,backbombb,play.google.com,2026-07-28,2026-09-30,True,2,FACEBOOK|INSTAGRAM|AUDIENCE_NETWORK|MESSENGER|THREADS,"백쌤 진짜 내 스타일🙈  2025년 예약자수 1위! 라식라섹/치과 최저가는 모두닥!  모두닥에서 안하면 최대 100만원 손해!  라식은 하고 싶은데 가격은 너무 비싸고, 광고 없는 진짜 후기는 찾기 힘들고..🤔 병원마다 다 다른데 어디가 진짜 최저가인지 모르겠죠? 💜모두닥 앱 다운받고 최저가로 예약하세요!  ✅ 최저가 실시간 검수중! (최저가가 아니면 바로"
KR|병원 앱,1497160797238875,강남언니,apps.apple.com,2026-09-18,2026-10-01,True,7,FACEBOOK|INSTAGRAM|THREADS,"이중턱·볼처짐 때문에 온다 리프팅 고민중인데, 진짜 잘하는 병원에서 효과 보고 싶다면? 👀   (대충 알아보는 건 절대 금물...✘)  🫧 온다리프팅j 22만원~ *60kj (6만줄) 🔍 강남언니앱에서 ""내 얼굴형 맞춤으로 시술해줬다""는 후기 있는 곳만 고르고 🔍 아쉬운 점·평점까지 병원별로 꼼꼼 비교까지!   우리집 근처 온다 잘하는 병원 찾아서 이중턱·"
KR|병원 앱,1497160797238875,강남언니,apps.apple.com,2026-09-20,2026-10-01,True,3,FACEBOOK|INSTAGRAM|THREADS,"[남자 주목] 아침 면도&트러블&귀찮은 면도기 관리 끝!  🪒 레이저 수염제모 5회 13만원 / 회당 2.6만원~  *젠틀맥스 프로 플러스 기준 가격  🧔🏻 턱·뺨·목 등 부위별 맞춤 시술 🧔🏻 숱 많은 수염, 민감 피부도 OK!   🔍 강남언니앱 후기로 집근처 병원 찾고 🔍 시술 사진·평점으로 효과 미리보기!   매일 면도 하는 귀찮음,  레이저 제모로 "
KR|병원 앱,1497160797238875,강남언니,apps.apple.com,2026-09-18,2026-10-01,True,6,FACEBOOK|INSTAGRAM|THREADS,"[강남언니 단독] 가을 연휴맞이 🍁인기 시술/성형 49% 단독특가🍁 '추석/개천절/한글날' 3종 연휴 찬스로 저렴한 피부과 찾고, 한끗 달라진 가을 준비하기🧡"
KR|병원 앱,1497160797238875,강남언니,play.google.com,2026-06-26,2026-10-01,True,1,FACEBOOK|INSTAGRAM|AUDIENCE_NETWORK|MESSENGER|THREADS,"""피부과는 다 비슷한 가격이겠지"" 하고 그냥 받으면 손해 🔥 같은 시술인데 앱에서 보면 이렇게 달라져요👇 울쎄라 300샷 100만원~ ➡ 60만원~ 써마지 300샷 100만원~ ➡ 75.9만원~ 리쥬란힐러 1cc 10만원~ ➡ 8.9만원~ 쥬베룩 1cc 10만원~ ➡ 1만원대~  평균 55만원 → 36만원대, 약 18만원 아껴요💸 받기 전에 강남언니 앱에서"
KR|비대면 진료,437266062800750,자양한방병원,jayanghospital.co.kr,2025-06-02,2026-10-01,True,1,FACEBOOK|INSTAGRAM,★자연주의 다이어트 한약 '비움환' (비대면 진료/처방 가능)★
KR|비대면 진료,397696943417534,Fitnesss06,itunes.apple.com,2026-09-03,2026-10-01,True,2,FACEBOOK|INSTAGRAM|MESSENGER|THREADS,이제야 알게된 마운자O 최저가 루트.. 💸 지금 나만의닥터에서 저렴한 병원/약국 한 번에 확인하세요!✨  🔍  병원별 가격 비교 🔍 온누리상품권 사용 가능처 확인 (7% 추가 할인)
KR|비대면 진료,397696943417534,Fitnesss06,play.google.com,2026-09-03,2026-10-01,True,,FACEBOOK|INSTAGRAM|MESSENGER|THREADS,이제야 알게된 마운자O 최저가 루트.. 💸 지금 나만의닥터에서 저렴한 병원/약국 한 번에 확인하세요!✨  🔍  병원별 가격 비교 🔍 온누리상품권 사용 가능처 확인 (7% 추가 할인)
KR|비대면 진료,101431866187865,Luvlife.luvbebe.,play.google.com,2026-09-15,2026-10-01,True,2,FACEBOOK|INSTAGRAM|MESSENGER|THREADS,"여드름 진료비 15,000 ► 2,300원 가능 여드름약 최저가로 처방받기"
KR|비대면 진료,101431866187865,Luvlife.luvbebe.,itunes.apple.com,2026-09-15,2026-10-01,True,,FACEBOOK|INSTAGRAM|THREADS,"여드름 진료비 15,000 ► 2,300원 가능 여드름약 최저가로 처방받기"
KR|비대면 진료,101431866187865,Luvlife.luvbebe.,play.google.com,2026-09-07,2026-10-01,True,1,FACEBOOK|INSTAGRAM|MESSENGER|THREADS,"탈모약, 이거 모르면 진짜 손해 ㄷㄷ"
KR|비대면 진료,101431866187865,Luvlife.luvbebe.,itunes.apple.com,2026-09-10,2026-10-01,True,2,FACEBOOK|INSTAGRAM|THREADS,"여드름 진료비 15,000 ► 2,300원 가능 여드름약 최저가로 처방받기"
KR|비대면 진료,101431866187865,Luvlife.luvbebe.,play.google.com,2026-09-09,2026-10-01,True,,FACEBOOK|INSTAGRAM|MESSENGER|THREADS,"여드름 진료비 15,000 ► 2,300원 가능 여드름약 최저가로 처방받기"
KR|비대면 진료,115597758152666,뷰티 라이프,www.doctorcuration.com,2026-09-15,2026-10-01,True,2,FACEBOOK|INSTAGRAM|THREADS,엉터리 건기식에 돈 낭비는 그만! 🙅‍♀️ 20년 진료 노하우가 담긴 '전문한의약품'으로 내 몸에 딱 맞는 진짜 감량을 시작하세요.
KR|비대면 진료,154239514436680,꽃보다분양,fb.me,2026-09-16,2026-10-01,True,1,FACEBOOK|INSTAGRAM|AUDIENCE_NETWORK,"파주 운정신도시에! 3,250세대 메머드급 대단지떴습니다! 역대급 압도적 1위 대장주 아파트!  청약 통장 없이! 딱 1,000만원이면 로얄 동호수 선점 가능한 마지막 기회! 지금 실거주자, 투자자들 사이에서 입소문 난 이유!  여긴 무조건 보러는 와야합니다!  실거주의무없고, 양도세 취득세까지 모두 ZERO! GTX-A 운정중앙역 개통으로 강남까지 20분"
KR|비대면 진료,101431866187865,Luvlife.luvbebe.,play.google.com,2026-09-11,2026-10-01,True,1,FACEBOOK|INSTAGRAM|MESSENGER|THREADS,"🚨 감기약 처방, 5분이면 끝나요!!  병원 대기 없이 전화 한 통으로 처방부터 약 수령까지 🍯  환절기 필수 꿀팁 저장해두세요"
KR|비대면 진료,397696943417534,Fitnesss06,play.google.com,2026-09-03,2026-10-01,True,1,FACEBOOK|INSTAGRAM|MESSENGER|THREADS,다이어트 주사 절대 이렇게 사지마라..
KR|비대면 진료,666111263260930,한방에 살걱정 끝,xenahani.co.kr,2026-09-14,2026-10-01,True,1,FACEBOOK|INSTAGRAM|AUDIENCE_NETWORK|MESSENGER|THREADS,"감량이 느슨해진 것 같다면, 다시 타이트하게 잡아야 할 때입니다.  정체기가 길어지고 식욕 관리가 어려워지는 순간, 비비정 블랙은 조금 더 집중도 있는 감량 관리를 돕습니다.  원장님 상담 후 개인 상태에 맞춰 처방되는 제나한의원의 다이어트 처방.  느슨해진 감량, 블랙으로 다시 꽉 잡아보세요.  원장님 상담 후 처방 · 비대면 진료 · 전국 배송 지금 4"
KR|비대면 진료,1220542121152779,"39년, 비염만 전문 치료 라경찬한의원",hujun.net,2026-09-03,2026-10-01,True,1,INSTAGRAM|THREADS,"▶ 1987년 개원, 39년간 비염만 치료한 라경찬한의원 ▶ 아버지에서 딸로, 2대째 이어지는 비염 치료 ▶ 라경찬 한의학 박사가 직접 개발한 쾌비치료 ▶ 비대면 진료 후 택배 처방 가능 ▶ 소아·성인 비염 치료 가능 ▶비염 '치료 종결' 가능"
KR|비대면 진료,377426748777143,붐케어,play.google.com,2026-09-22,2026-10-01,True,,FACEBOOK|INSTAGRAM,😴 겨우 재웠는데… 지금이 병원 갈 시간이라고요? 깨워서 안고 나가지 않아도 됩니다. ✔️ 아이 옆에서 그대로 진료 ✔️ 초진도 가능
KR|비대면 진료,1220542121152779,"39년, 비염만 전문 치료 라경찬한의원",hujun.net,2026-09-03,2026-10-01,True,1,INSTAGRAM|THREADS,"▶ 1987년 개원, 39년간 비염만 치료한 라경찬한의원 ▶ 아버지에서 딸로, 2대째 이어지는 비염 치료 ▶ 라경찬 한의학 박사가 직접 개발한 쾌비치료 ▶ 비대면 진료 후 택배 처방 가능 ▶ 소아·성인 비염 치료 가능 ▶비염 '치료 종결' 가능"
KR|비대면 진료,115597758152666,뷰티 라이프,www.doctorcuration.com,2026-09-18,2026-10-01,True,1,FACEBOOK|INSTAGRAM|THREADS,엉터리 건기식에 돈 낭비는 그만! 🙅‍♀️ 20년 진료 노하우가 담긴 '전문한의약품'으로 내 몸에 딱 맞는 진짜 감량을 시작하세요.
KR|비대면 진료,115597758152666,뷰티 라이프,www.doctorcuration.com,2026-09-17,2026-10-01,True,1,FACEBOOK|INSTAGRAM|THREADS,엉터리 건기식에 돈 낭비는 그만! 🙅‍♀️ 20년 진료 노하우가 담긴 '전문한의약품'으로 내 몸에 딱 맞는 진짜 감량을 시작하세요.
KR|비대면 진료,2136943346634137,경희류한의원,hoechundangad.kr,2026-09-28,2026-10-01,True,1,FACEBOOK|INSTAGRAM,"이번 추석, 다시 온전한 하루를 선물하세요 회춘당 원방사향공진단 추석 할인 행사 (1/2)  1904년부터 4대째 이어온  회춘당 원방사향공진단은  사향·녹용·당귀·산수유 원방 4재에  전승 약재 20여 가지를 더해  매주 직접 조제합니다.   CITES 통관 러시아산 사향 100mg과  엄선한 러시아산 녹용을 사용합니다.  🎁 추석 특별 행사 | 9/1~"
KR|비대면 진료,115597758152666,뷰티 라이프,www.doctorcuration.com,2026-09-17,2026-10-01,True,1,FACEBOOK|INSTAGRAM|THREADS,엉터리 건기식에 돈 낭비는 그만! 🙅‍♀️ 20년 진료 노하우가 담긴 '전문한의약품'으로 내 몸에 딱 맞는 진짜 감량을 시작하세요.
KR|비대면 진료,115597758152666,뷰티 라이프,www.doctorcuration.com,2026-09-28,2026-10-01,True,2,FACEBOOK|INSTAGRAM|THREADS,엉터리 건기식에 돈 낭비는 그만! 🙅‍♀️ 20년 진료 노하우가 담긴 '전문한의약품'으로 내 몸에 딱 맞는 진짜 감량을 시작하세요.
KR|비대면 진료,115597758152666,뷰티 라이프,www.doctorcuration.com,2026-09-19,2026-10-01,True,1,FACEBOOK|INSTAGRAM|THREADS,엉터리 건기식에 돈 낭비는 그만! 🙅‍♀️ 20년 진료 노하우가 담긴 '전문한의약품'으로 내 몸에 딱 맞는 진짜 감량을 시작하세요.
KR|비대면 진료,115597758152666,뷰티 라이프,www.doctorcuration.com,2026-09-16,2026-10-01,True,1,FACEBOOK|INSTAGRAM|THREADS,엉터리 건기식에 돈 낭비는 그만! 🙅‍♀️ 20년 진료 노하우가 담긴 '전문한의약품'으로 내 몸에 딱 맞는 진짜 감량을 시작하세요.
KR|비대면 진료,115597758152666,뷰티 라이프,www.doctorcuration.com,2026-09-15,2026-10-01,True,1,FACEBOOK|INSTAGRAM|THREADS,엉터리 건기식에 돈 낭비는 그만! 🙅‍♀️ 20년 진료 노하우가 담긴 '전문한의약품'으로 내 몸에 딱 맞는 진짜 감량을 시작하세요.
KR|비대면 진료,666111263260930,한방에 살걱정 끝,xenahani.co.kr,2026-08-28,2026-10-01,True,1,FACEBOOK|INSTAGRAM|AUDIENCE_NETWORK|THREADS,"식욕이 흔들릴수록 중요한 건 ‘밸런스’입니다.  참기만 하는 다이어트는 오래 이어가기 어렵습니다.  비비정 퍼플은 식욕의 흐름을 차분하게 관리하되, 불편감까지 함께 고려한 제나의 식욕 밸런스 케어입니다.  뺄 건 빼고, 부족한 균형은 채우는 제나만의 다이어트 밸런스.  강남역 20년 · 누적 처방 170만 건 오랜 임상 경험으로 다듬어온 처방 노하우를 비비"
KR|비대면 진료,237670763106032,존스킨한의원 안양점,dnpcrm.kr,2026-09-27,2026-10-01,True,1,FACEBOOK|INSTAGRAM,쓰고 쓴 다이어트 한약은 그만! 💊 > 존스킨 안양점 핑크캡슐 다이어트 출시! > ✔️ 쓴 맛·향 없이 간편한 특허 핑크캡슐  ✔️ 식욕 억제 + 체지방 분해 + 순환 개선  ✔️ 1:1 인바디 및 한의사 맞춤 단계별 처방  ✔️ 탕약 대비 합리적인 비용
KR|비대면 진료,1220542121152779,"39년, 비염만 전문 치료 라경찬한의원",hujun.net,2026-09-27,2026-10-01,True,1,INSTAGRAM|THREADS,"▶ 1987년 개원, 39년간 비염만 치료한 라경찬한의원 ▶ 아버지에서 딸로, 2대째 이어지는 비염 치료 ▶ 라경찬 한의학 박사가 직접 개발한 쾌비치료 ▶ 비대면 진료 후 택배 처방 가능 ▶ 소아·성인 비염 치료 가능 ▶비염 '치료 종결' 가능"
KR|비대면 진료,102460222737299,"참지않는 말티즈, 송이",mstore.meritzfire.com,2026-09-30,2026-10-01,True,1,FACEBOOK|INSTAGRAM|THREADS,"#광고 송이와 어느덧 14년째 함께 지내고 있는데요. 송이가 나이가 들 수록, 자연스럽게 병원비도 더 생각하게 되더라고요. 송이 어릴 땐 지금처럼 펫보험이 없었기도 했고, 생겼을 당시엔 혜택이 그리 매력적이지 않았거든요🥲 근데보호자로서 알아보다 보니, 메리츠화재 펫퍼민트가 눈에 들어왔어요. 우리 아이가 10살 미만이라면, (저처럼 적금들기 보단..) 펫퍼멘"
KR|비대면 진료,101431866187865,Luvlife.luvbebe.,apps.apple.com,2026-09-22,2026-10-01,True,,FACEBOOK|INSTAGRAM|THREADS,실제 육아맘들 사이에서도 화제인 비대면 진료  병원 대기 없이 전화 한 통으로 아이 감기 진료받으세요
KR|비대면 진료,666111263260930,한방에 살걱정 끝,xenahani.co.kr,2026-09-27,2026-10-01,True,1,FACEBOOK|INSTAGRAM|AUDIENCE_NETWORK|THREADS,"감량이 느슨해진 것 같다면, 다시 타이트하게 잡아야 할 때입니다.  정체기가 길어지고 식욕 관리가 어려워지는 순간, 비비정 블랙은 조금 더 집중도 있는 감량 관리를 돕습니다.  원장님 상담 후 개인 상태에 맞춰 처방되는 제나한의원의 다이어트 처방.  느슨해진 감량, 블랙으로 다시 꽉 잡아보세요.  원장님 상담 후 처방 · 비대면 진료 · 전국 배송 지금 4"
KR|건강 앱,153059451410220,우체국,m.epostlife.go.kr,2026-09-16,2026-10-01,True,1,INSTAGRAM,"🏊‍♂️ 잘~ 빠졌다! 무배당 우체국하나로OK보험  건강을 위한 든든한 준비, 어떤 보험으로 시작해야 할지 고민되셨나요? 🤔  우체국보험 소식을 물고 온 제비 우식이가 건강 하나만 생각한 무배당 우체국하나로OK보험을 소개합니다! 🐦💙  진단부터 입원·수술·치료는 물론 일상생활 속 다양한 위험까지  폭넓게 대비할 수 있는 종합건강보험으로,  필요한 건강 보장"
KR|건강 앱,1568179513417319,보닥 - bodoc,play.google.com,2026-08-11,2026-10-01,True,1,FACEBOOK|INSTAGRAM|AUDIENCE_NETWORK|MESSENGER|THREADS,"🤔 ""이 보험, 나한테 맞는 걸까?""  고민될 때. 보닥에서 3분 만에 내 보험 진단 결과를 확인해 보세요.  👉 200만 명이 선택한 보험 관리 앱"
KR|건강 앱,104727362069818,joosyhi,itunes.apple.com,2026-08-25,2026-10-01,True,1,FACEBOOK|INSTAGRAM|AUDIENCE_NETWORK|MESSENGER|THREADS,기초대사량만큼만 먹으면 진짜 살이 빠질까? 👇댓글 남기고 할인코드 받아가세요👇  그동안 칼로리 계산 귀찮아서 미뤘던 다이어트 실험🥲  필라이즈 어플로 손쉽게 성공했어요🙌  사진만 찍으면 칼로리 계산 되니까 쉽고 AI 코치의 식단 관리까지!   댓글 남겨주시면 할인코드 전달드릴게요🫶  #광고 #필라이즈 #다이어트 #식단 #다이어트추천
KR|건강 앱,104727362069818,필라이즈 - 초개인화 토탈 건강 관리 앱,play.google.com,2026-09-11,2026-10-01,True,1,FACEBOOK|INSTAGRAM|AUDIENCE_NETWORK|THREADS,"먹기 전에 사진만 찍으면 칼로리, 탄단지 계산 끝! 이것만 해도 식단 조절 확실히 돼요 👉🏻"
KR|건강 앱,354085841741392,굿리치,goodrichapp.co.kr,2026-09-21,2026-10-01,True,1,INSTAGRAM,"부모님 그늘 벗어나기 난이도 최상 ‘보험 독립’ 💸 독립하고 보니 월세, 식비 챙기기도 바쁜데 부모님이 내주시던 보험까지 넘겨받으니 머리 터지기 직전...🤯 알아보자니 약관은 무슨말인지 모르겠고, 무작정 해지하자니 손해 볼까 봐 무섭고! 이 복잡한 보험 고민, 굿리치로 한 번에 끝내세요!📱✨  [필수 안내 사항] 1. 보험대리점: 굿리치 주식회사(GoodR"
KR|건강 앱,104727362069818,필라이즈 - 초개인화 토탈 건강 관리 앱,itunes.apple.com,2026-09-04,2026-10-01,True,1,FACEBOOK|INSTAGRAM|AUDIENCE_NETWORK|MESSENGER|THREADS,"다이어트 주사 맞으면서 이거 안 챙기는 분들이 90%라는데..🤫 바로 단백질·수분·지방!  근데 이걸 언제 하나하나 계산해서 챙겨 먹고 있냐고 생각하셨다면? 저는 이제 어플 하나로 간편하게 관리하고 있어요.  먹은 음식만 카메라로 찍으면 단백질·수분·지방을 한눈에 분석해주고, 부족한 영양소는 더 챙겨 먹을 수 있거든요.  간편하게 다이어트 관리하고 싶다면 "
KR|건강 앱,753245374771837,you.oxx,ouraring.com,2026-09-25,2026-10-01,True,3,FACEBOOK|INSTAGRAM,"제 반지 넘 예뿌죠,,🩵💍 요즘 최애 반지 추천합니도🪽  처음엔 그냥 예쁜 반지인 줄 알았는데 수면부터 활동량, 컨디션까지 알아서 기록해주는 스마트링이에요!  특히 자고 일어나서 앱 확인하는 게 은근 재밌는 게 내가 얼마나 잘 잤는지, 오늘 컨디션은 어떤지 한눈에 볼 수 있어서 요즘 매일 체크하는 중 👀  시계처럼 화면이 있는 것도 아니고 그냥 반지 하나 "
KR|건강 앱,104727362069818,필라이즈 - 초개인화 토탈 건강 관리 앱,itunes.apple.com,2026-09-04,2026-10-01,True,2,FACEBOOK|INSTAGRAM|AUDIENCE_NETWORK|MESSENGER|THREADS,"다이어트 주사 맞는 중, 식욕 돌아오신 분들?📉 몸 속 농도가 떨어져서 그럴 수 있어요  내 몸 속 약물 농도 그래프를 한눈에 확인할 수 있는 어플이 있다는데👀 저는 이 어플 알고 용량 유지하면서 3kg 감량했어요"
KR|건강 앱,1695266127352240,Flo Health,play.google.com,2026-09-28,2026-10-01,True,1,FACEBOOK|INSTAGRAM|AUDIENCE_NETWORK|THREADS,{{product.brand}}
KR|건강 앱,104727362069818,필라이즈 - 초개인화 토탈 건강 관리 앱,itunes.apple.com,2026-08-29,2026-10-01,True,1,FACEBOOK|INSTAGRAM|AUDIENCE_NETWORK|MESSENGER|THREADS,"먹기 전에 사진만 찍으면 칼로리, 탄단지 계산 끝! 이것만 해도 식단 조절 확실히 돼요 👉🏻"
KR|건강 앱,753245374771837,suexsoo,ouraring.com,2026-09-25,2026-10-01,True,1,FACEBOOK|INSTAGRAM,"요즘 하루 종일 손에서 안 빼는 아이템 바로 오우라링 5💍  아침에 일어나서 오늘의 컨디션을 확인하고, 운동할 때도, 일할 때도, 카페 갈 때도 계속 착용하고 있어요  수면부터 스트레스, 심박 건강, 여성 건강까지 매일의 데이터를 바탕으로 지금 내 몸 상태를 한눈에 볼 수 있어서 요즘은 하루를 시작할 때 오우라 앱 확인하는 게 작은 루틴이 됐어요 🫶🏻  무"
KR|건강 앱,104727362069818,필라이즈 - 초개인화 토탈 건강 관리 앱,play.google.com,2026-09-11,2026-10-01,True,2,FACEBOOK|INSTAGRAM|AUDIENCE_NETWORK|THREADS,"다이어트 주사 맞는 중, 식욕 돌아오신 분들?📉 몸 속 농도가 떨어져서 그럴 수 있어요  내 몸 속 약물 농도 그래프를 한눈에 확인할 수 있는 어플이 있다는데👀 저는 이 어플 알고 용량 유지하면서 3kg 감량했어요"
KR|건강 앱,104727362069818,mooldal_toon,play.google.com,2026-09-11,2026-10-01,True,1,FACEBOOK|INSTAGRAM|AUDIENCE_NETWORK|THREADS,"#광고 지만 물달이 오래전부터 사용하던 앱이라 소개드리고 싶어 직접 가져왔습니다!☺️  체중은 오르락 내리락할 때도 있지만, 필라이즈로 식단·운동을 기록하면서 꾸준히 관리하고 유지하려고 노력 중이에요!  ✔️ 식단 기록 ✔️ 간헐적 단식 시간 체크 ✔️ 영양제 추천 ✔️ 수면 관리 사실 이것 말고도 기능이 정말 많은데 저도 아직 다 못 써봤을 정도예요! 이"
KR|건강 앱,175258592335680,lezen_official,brand.naver.com,2026-05-20,2026-10-01,True,1,FACEBOOK|INSTAGRAM,📱 몸의 변화를 더 스마트하게 르젠 앱연동 인바디 체중계 ✨  체중만 보는 시대 끝. 이제 앱으로 건강 루틴까지 한눈에 💙  —  ⚖️ 체중 · 체지방 · 근육량 체크 📱 앱 자동 연동 📊 매일 기록되는 내 몸 데이터 ✨ 우리 집 스마트 헬스케어 시작  르젠 인바디 체중계로 오늘부터 제대로 관리하세요 💪
KR|건강 앱,101362575102251,bodychannel_jejucityhall,instagram.com,2025-07-23,2025-10-14,True,1,INSTAGRAM,"🏋️‍♀️ 바디채널 제주 시청점 🏋️‍♀️  ”저렴한 가격으로 몸 건강 챙기세요 !!“  ✅헬스 1개월 월 구독권 34,900원 ! ✅한 달만 가능 !! ✅지인 추천 시 10% 할인~ ✅바디채널 앱을 통해서 결제 가능   현장에서  결제하실 필요 없습니다 ✅앱을 통해 매월결제 해지 가능 !  ☎️ 문의전화 064-712-5478  🏬주소 서광로 301 5층"
KR|건강 앱,162423687163460,iHerb.com Korean,kr.iherb.com,2026-09-19,2026-10-01,True,3,FACEBOOK|INSTAGRAM|MESSENGER|THREADS,이 영상을 보고 계신 지금이 가장 저렴하게 득템할 기회입니다. 지금 바로 앱 다운로드 후 신규 할인코드 [KRNEW25]를 입력하고 25% 할인받으세요. 🛒 혜택이 끝나기 전에 서두르세요!
KR|건강 앱,104727362069818,필라이즈 - 초개인화 토탈 건강 관리 앱,play.google.com,2026-09-11,2026-10-01,True,1,FACEBOOK|INSTAGRAM|AUDIENCE_NETWORK|THREADS,"다이어트 주사 맞으면서 필수 요소는? 단.수.지✨ 일일이 체크하면서 챙겨드시기 힘드셨죠?  이제는 어플 하나로 단백질, 수분, 지방 따로 다 관리해주니까! 내가 일일이 귀찮게 기록할 필요 없어요"
KR|건강 앱,347376661801060,요미얌얌,mkt.shopping.naver.com,2026-09-14,2026-10-01,True,1,FACEBOOK|INSTAGRAM|MESSENGER|WHATSAPP|THREADS,"🍫팔로우💛 좋아요·저장 | 💸유료광고 #트루엔뉴트리션 얼마나 더 예뻐지려고...? 😆💛 요즘처럼 더운 날씨에 지친 피부, 주름·탄력·보습까지 한 번에 챙기고 싶다면✨ 물 많이 마시기💧 잠 잘 자기😴 좋아하는 드라마 보기📺 까지 하고 계시죠?   여기에 한 가지 더! 제가 챙기고 있는 건 트루엔 듀얼액상콜라겐이에요. 검증된 원료, 충분한 함량, 합리적인 가격"
KR|건강 앱,104727362069818,필라이즈 - 초개인화 토탈 건강 관리 앱,itunes.apple.com,2026-09-11,2026-10-01,True,1,FACEBOOK|INSTAGRAM|AUDIENCE_NETWORK|MESSENGER|THREADS,아직도 애플워치로 운동만 기록하고 있다면? 애플워치 다이어터 90%가 모르는 이 앱 써보세요 ⌚️  워치에 먹은 음식만 말하면 칼로리를 바로 기록해주고 운동 소모 칼로리까지 자동으로 기록해줘요.  이제 다이어트 기록하려고 매번 폰 꺼낼 필요 없다니까요👀:
KR|건강 앱,104727362069818,필라이즈 - 초개인화 토탈 건강 관리 앱,play.google.com,2026-09-11,2026-10-01,True,1,FACEBOOK|INSTAGRAM|AUDIENCE_NETWORK|THREADS,요즘 유행하는 AI한테 다이어트 당하기 저도 당해버렸어요 🥹 AI코치가 시키는대로만 했는데 다이어트 성공?
KR|건강 앱,354085841741392,굿리치,goodrichapp.co.kr,2026-09-21,2026-10-01,True,1,INSTAGRAM,"부모님 그늘 벗어나기 난이도 최상 ‘보험 독립’ 💸 독립하고 보니 월세, 식비 챙기기도 바쁜데 부모님이 내주시던 보험까지 넘겨받으니 머리 터지기 직전...🤯 알아보자니 약관은 무슨말인지 모르겠고, 무작정 해지하자니 손해 볼까 봐 무섭고! 이 복잡한 보험 고민, 굿리치로 한 번에 끝내세요!📱✨  [필수 안내 사항] 1. 보험대리점: 굿리치 주식회사(GoodR"
KR|건강 앱,1092216973982592,ESG 꿀팁,fb.me,2026-06-30,2026-10-01,True,1,FACEBOOK|INSTAGRAM|AUDIENCE_NETWORK,"세상에서 가장 쉬운 탄소 감축, 제로퀘스트 🌱  계단 오르고 카카오페이 현금 받으세요! 엘리베이터가 있는 건물이라면 어디든 NFC 센서 100% 무료 설치해 드립니다.  ✔️ 효과: 건강 UP & 탄소 DOWN ✔️ 혜택: 앱 리워드 → 현금 출금"
KR|건강 앱,104727362069818,필라이즈 - 초개인화 토탈 건강 관리 앱,play.google.com,2026-09-11,2026-10-01,True,1,FACEBOOK|INSTAGRAM|AUDIENCE_NETWORK|THREADS,"PT없이 혼자 다이어트 성공한 팁 공유 ✅ 음식 사진만 올리면 칼로리, 탄단지 계산, 운동, 체중 관리, AI 피티쌤이 코칭까지 해주니까 혼자서도 가능하던데?"
KR|건강 앱,1289996897530779,보랩,play.google.com,2026-09-22,2026-10-01,True,2,FACEBOOK|INSTAGRAM,"건강검진은 받았는데, 내 건강 상태에 맞는 보장까지 확인해보셨나요?  보랩에 건강검진 결과를 연결하면 내 건강 점수와 필요한 보장을 한눈에 확인할 수 있어요.  건강검진 이후의 관리까지, 보랩에서 간편하게 시작해보세요."
KR|건강 앱,162423687163460,iHerb.com Korean,kr.iherb.com,2026-09-19,2026-10-01,True,3,FACEBOOK|INSTAGRAM|MESSENGER|THREADS,이 영상을 보고 계신 지금이 가장 저렴하게 득템할 기회입니다. 지금 바로 앱 다운로드 후 신규 할인코드 [KRNEW25]를 입력하고 25% 할인받으세요. 🛒 혜택이 끝나기 전에 서두르세요!
KR|건강 앱,162423687163460,iHerb.com Korean,kr.iherb.com,2026-09-19,2026-10-01,True,,FACEBOOK|INSTAGRAM|MESSENGER|THREADS,이 영상을 보고 계신 지금이 가장 저렴하게 득템할 기회입니다. 지금 바로 앱 다운로드 후 신규 할인코드 [KRNEW25]를 입력하고 25% 할인받으세요. 🛒 혜택이 끝나기 전에 서두르세요!
KR|건강 앱,76133747003,iHerb,kr.iherb.com,2026-09-29,2026-10-01,True,1,FACEBOOK|INSTAGRAM|AUDIENCE_NETWORK|THREADS,성분까지 꼼꼼하게 챙기는 당신을 위한 선택. 아이허브에서 검증된 브랜드로 건강을 채우세요.
KR|건강 앱,102674555598439,우주에 꿀차 한 숟갈,distancing.im,2026-09-27,2026-10-01,True,1,INSTAGRAM|THREADS,#광고 생각과 감정에 휩쓸리지 않는 방법.  제가 몇년간 공부하면서 언젠가 꿀단지들에게 꼭 들려주고 싶은 ’생각 관리 기술‘ 이 있었어요..!!  그땐 우리나라에 널리 알려지지 않았던 개념이었고 해외 앱 서비스 같은 것만 있었거든요  그런데 우리나라에서 서울의대 출신 의사 선생님이 집에서 손쉽게 꾸준히 할 수 있도록 인지치료 앱을 개발하셨다고 해서 얼마나 
KR|건강 앱,424177374395207,다이브로이드,diveroid.com,2026-09-06,2026-10-01,True,1,FACEBOOK|INSTAGRAM,"🌊 DIVEROID is hiring.   ""Every dive maps the ocean""   DIVEROID는 바다를 데이터로 바꾸는, 딥테크 팀입니다.   지금 여섯 개 포지션에서 경력과 주니어 동료를 함께 찾고 있습니다.   AI가 빠르게 80%를 만드는 시대일수록, 마지막 완성도를 결정하는 사람의 기준이 중요하다고 믿습니다. 품질에 대한 눈이 높고"
KR|건강 앱,1092216973982592,ESG 꿀팁,fb.me,2026-06-30,2026-10-01,True,1,FACEBOOK|INSTAGRAM|AUDIENCE_NETWORK,"세상에서 가장 쉬운 탄소 감축, 제로퀘스트 🌱  계단 오르고 카카오페이 현금 받으세요! 엘리베이터가 있는 건물이라면 어디든 NFC 센서 100% 무료 설치해 드립니다.  ✔️ 효과: 건강 UP & 탄소 DOWN ✔️ 혜택: 앱 리워드 → 현금 출금"
